{
    "loss": 0.024969007819890976,
    "accuracy": 0.9918224215507507
}